section,category,templates,routes,Homepage,Pricing,ESG,Our purpose,Case studies index,Customer success story,Contact,Schedule a demo,Referral,Legal document,Lead-magnet landing,Partner landing,Blog index,Blog article,Alternatives index,Competitor comparison,Collection index,Pillar guide,Glossary term,Team guide,Recognition message set,Company value
chrome.navbar,CHROME,22,195,x,x,x,x,x,x,x,x,x,x,x,x,x,x,x,x,x,x,x,x,x,x
chrome.footer,CHROME,22,195,x,x,x,x,x,x,x,x,x,x,x,x,x,x,x,x,x,x,x,x,x,x
chrome.trial-modal,CHROME,22,195,x,x,x,x,x,x,x,x,x,x,x,x,x,x,x,x,x,x,x,x,x,x
structure.leaf-divider,STRUCTURE,20,192,x,x,x,x,x,x,x,x,x,,x,x,,x,x,x,x,x,x,x,x,x
content.prose-body,CONTENT,9,177,,,,,,x,,,,x,,,,x,,x,,x,x,x,x,x
collection.card-grid,COLLECTION,9,176,,,,,,,,,,,,,,x,x,x,x,x,x,x,x,x
content.section-heading,CONTENT,8,175,,,,,,,,,,,,,,x,x,x,x,,x,x,x,x
conversion.final-cta,CONVERSION,16,136,x,,x,x,x,x,x,x,,,x,x,,,x,x,x,,x,x,x,x
content.faq,CONTENT,6,118,,,,,,,,,,,,,,,,x,,x,x,x,x,x
content.leaf-bullets,CONTENT,5,117,,,,,,,,,,,,,,,,x,,,x,x,x,x
hero.collection,HERO,5,106,,,,,,,,,,,,,,,,,x,,x,x,x,x
content.message-grid,CONTENT,3,72,,,,,,,,,,,,,,,,,,,,x,x,x
conversion.lead-magnet-form,CONVERSION,3,55,,,,,,,,,,,x,,,x,,,,x,,,,
content.prose-left,CONTENT,2,55,,,,,,,,,,,,,,,,,,,x,,,x
chrome.announcement-banner,CHROME,2,54,x,,,,,,,,,,,,,x,,,,,,,,
content.leaf-definition-list,CONTENT,4,53,,,,,,,,,,,,,,,,x,,x,,x,,x
hero.article,HERO,1,53,,,,,,,,,,,,,,x,,,,,,,,
collection.related-articles,COLLECTION,1,53,,,,,,,,,,,,,,x,,,,,,,,
conversion.partner-cta-panel,CONVERSION,1,53,,,,,,,,,,,,,,x,,,,,,,,
hero.comparison,HERO,1,15,,,,,,,,,,,,,,,,x,,,,,,
content.sources,CONTENT,1,15,,,,,,,,,,,,,,,,x,,,,,,
collection.comparison-glance,COLLECTION,1,15,,,,,,,,,,,,,,,,x,,,,,,
proof.g2-rating,PROOF,7,9,x,x,,,,,x,x,x,,x,x,,,,,,,,,,
proof.testimonials,PROOF,4,6,x,x,,,,,,,x,,,x,,,,,,,,,,
proof.logo-strip,PROOF,4,6,x,x,,,,,,,x,,,x,,,,,,,,,,
proof.stat-row,PROOF,3,5,x,,,,,,,,,,,x,,,,,,x,,,,
hero.page-heading,HERO,4,4,,,,,x,,x,x,x,,,,,,,,,,,,,
conversion.scheduler,CONVERSION,2,4,,,,,,,,x,,,,x,,,,,,,,,,
hero.case-study,HERO,1,4,,,,,,x,,,,,,,,,,,,,,,,
proof.case-study-meta,PROOF,1,4,,,,,,x,,,,,,,,,,,,,,,,
proof.case-study-teasers,PROOF,1,4,,,,,,x,,,,,,,,,,,,,,,,
hero.partner,HERO,1,3,,,,,,,,,,,,x,,,,,,,,,,
narrative.partner-feature,NARRATIVE,1,3,,,,,,,,,,,,x,,,,,,,,,,
narrative.sdg-goals,NARRATIVE,2,2,,,x,x,,,,,,,,,,,,,,,,,,
narrative.icon-feature-row,NARRATIVE,2,2,,x,,x,,,,,,,,,,,,,,,,,,
hero.legal,HERO,1,2,,,,,,,,,,x,,,,,,,,,,,,
hero.homepage,HERO,1,1,x,,,,,,,,,,,,,,,,,,,,,
hero.pricing,HERO,1,1,,x,,,,,,,,,,,,,,,,,,,,
hero.esg,HERO,1,1,,,x,,,,,,,,,,,,,,,,,,,
hero.our-purpose,HERO,1,1,,,,x,,,,,,,,,,,,,,,,,,
hero.pillar,HERO,1,1,,,,,,,,,,,,,,,,,,x,,,,
hero.blog-index,HERO,1,1,,,,,,,,,,,,,x,,,,,,,,,
hero.alternatives-index,HERO,1,1,,,,,,,,,,,,,,,x,,,,,,,
hero.ebook,HERO,1,1,,,,,,,,,,,x,,,,,,,,,,,
narrative.seeds,NARRATIVE,1,1,x,,,,,,,,,,,,,,,,,,,,,
narrative.report-csr,NARRATIVE,1,1,x,,,,,,,,,,,,,,,,,,,,,
narrative.esg-pillar,NARRATIVE,1,1,,,x,,,,,,,,,,,,,,,,,,,
narrative.goals-2027,NARRATIVE,1,1,,,,x,,,,,,,,,,,,,,,,,,
proof.case-study-grid,PROOF,1,1,,,,,x,,,,,,,,,,,,,,,,,
collection.blog-rows,COLLECTION,1,1,,,,,,,,,,,,,x,,,,,,,,,
conversion.contact-form,CONVERSION,1,1,,,,,,,x,,,,,,,,,,,,,,,
conversion.referral-form,CONVERSION,1,1,,,,,,,,,x,,,,,,,,,,,,,
conversion.earnings-tiers,CONVERSION,1,1,,,,,,,,,x,,,,,,,,,,,,,
ROUTE COUNT,,,195,1,1,1,1,1,4,1,1,1,2,1,3,1,53,1,15,4,1,30,12,35,25